,City,Cloudiness,Country,Date,Humidity,Latitude,Longitude,Max Temp,Wind Speed
0,Ponta do Sol,30,BR,1571957084,86,-20.63,-46.0,68.92,2.33
1,Jamestown,10,AU,1571956797,42,-33.21,138.6,59.81,17.78
2,Bandundu,20,CD,1571957087,96,-3.32,17.38,70.9,1.19
3,Airai,72,TL,1571957089,33,-8.93,125.41,78.3,5.06
4,Kapaa,1,US,1571957091,74,22.08,-159.32,84.2,8.05
5,Tuktoyaktuk,90,CA,1571957092,79,69.44,-133.03,19.4,9.17
6,Kavaratti,96,IN,1571957094,79,10.57,72.64,81.9,26.19
7,Atuona,10,PF,1571956914,73,-9.8,-139.03,79.74,13.04
8,Tajimi,75,JP,1571956917,93,35.34,137.13,60.8,10.29
9,Rikitea,80,PF,1571956919,83,-23.12,-134.97,71.19,28.81
10,Mataura,98,NZ,1571956922,74,-46.19,168.86,50.0,14.0
11,Punta Arenas,0,CL,1571956924,30,-53.16,-70.91,55.4,25.28
12,Aksay,56,KZ,1571956926,83,51.17,53.01,52.72,6.78
13,Saint-Joseph,90,FR,1571956698,100,43.56,6.97,61.0,0.38
14,Cape Town,100,ZA,1571956818,75,-33.93,18.42,64.0,7.0
15,Saint-Philippe,90,CA,1571956931,71,45.36,-73.48,54.0,11.41
16,Port Alfred,99,ZA,1571956933,87,-33.59,26.89,63.0,1.99
17,Albany,20,US,1571956684,34,42.65,-73.75,64.99,9.17
18,Dikson,100,RU,1571956936,95,73.51,80.55,19.74,8.75
19,Ushuaia,40,AR,1571956938,75,-54.81,-68.31,46.4,17.22
20,Teya,40,MX,1571956939,52,21.05,-89.07,93.2,16.11
21,Labuhan,88,ID,1571956941,66,-2.54,115.51,82.71,1.63
22,Auki,100,NG,1571956943,52,12.18,6.51,77.61,5.55
23,Karratha,0,AU,1571956945,58,-20.74,116.85,80.35,5.03
24,Lata,0,IN,1571956946,66,30.78,78.62,22.8,2.33
25,Hithadhoo,100,MV,1571957128,89,-0.6,73.08,77.09,10.47
26,Pueblo Nuevo,0,AR,1571956950,21,-32.93,-68.73,84.2,4.7
27,Westport,1,US,1571956679,48,41.14,-73.36,63.0,13.87
28,Tuatapere,92,NZ,1571956953,74,-46.13,167.69,50.0,14.0
29,Bilma,0,NE,1571956955,26,18.69,12.92,79.61,8.25
30,Coihaique,90,CL,1571956956,62,-45.58,-72.07,51.8,10.29
31,Ilulissat,75,GL,1571956958,32,69.22,-51.1,39.2,8.05
32,Busselton,46,AU,1571956960,59,-33.64,115.35,57.0,9.22
33,Lebu,52,ET,1571956962,55,8.96,38.73,47.73,2.37
34,Saldanha,28,PT,1571956963,90,41.42,-6.55,49.39,0.51
35,Bluff,31,AU,1571956965,41,-23.58,149.07,76.21,8.3
36,Carnarvon,96,ZA,1571956967,37,-30.97,22.13,56.97,15.75
37,Freeport,40,BS,1571956970,78,26.54,-78.7,82.4,12.75
38,Hobart,73,AU,1571956882,46,-42.88,147.33,81.0,25.28
39,Tabuk,35,PH,1571956973,85,17.41,121.44,76.93,8.68
40,Guerrero Negro,0,MX,1571956975,22,27.97,-114.04,83.82,13.96
41,Medea,20,DZ,1571956833,77,36.27,2.77,60.8,5.82
42,Narsaq,100,GL,1571956980,80,60.91,-46.05,30.2,2.24
43,Mar del Plata,66,AR,1571956982,27,-46.43,-67.52,67.78,16.69
44,Kaseda,75,JP,1571956983,93,31.42,130.32,64.4,5.82
45,Pinega,100,RU,1571956985,98,64.7,43.39,34.74,5.79
46,Arraial do Cabo,94,BR,1571956987,83,-22.97,-42.02,72.19,20.33
47,Kruisfontein,100,ZA,1571956988,44,-34.0,24.73,63.68,7.29
48,Vaini,88,IN,1571956990,98,15.34,74.49,68.36,5.93
49,Baiyin,100,CN,1571957171,100,36.55,104.13,24.8,4.47
50,Severo-Kurilsk,49,RU,1571957173,79,50.68,156.12,35.15,11.25
51,Novoagansk,57,RU,1571957175,91,61.94,76.66,20.19,13.98
52,Timbuktu,0,ML,1571957176,13,16.77,-3.01,93.09,6.53
53,Coahuayana,85,MX,1571957178,82,18.62,-100.35,76.42,0.74
54,Abu Kamal,61,SY,1571957180,51,34.45,40.92,70.41,3.38
55,Fort Nelson,40,CA,1571957182,57,58.81,-122.69,50.0,3.36
56,Tual,95,ID,1571957185,79,-5.67,132.75,80.47,4.83
57,Acquaviva delle Fonti,40,IT,1571957187,100,40.9,16.84,70.0,5.82
58,Bredasdorp,100,ZA,1571957189,62,-34.53,20.04,66.0,4.7
59,Mahebourg,75,MU,1571957191,88,-20.41,57.7,75.2,6.93
60,Necochea,15,AR,1571957192,92,-38.55,-58.74,50.0,1.99
61,Alihe,100,CN,1571957194,73,50.57,123.73,28.62,6.13
62,Mateus Leme,80,BR,1571957196,50,-19.99,-44.43,78.8,8.05
63,New Norfolk,64,AU,1571957097,50,-42.78,147.06,81.0,25.28
64,Lamu,99,CN,1571957199,62,35.77,102.37,28.99,2.51
65,Coquimbo,20,CL,1571957201,76,-29.95,-71.34,73.0,6.93
66,Richards Bay,10,ZA,1571957203,80,-28.77,32.06,68.16,18.99
67,Yellowknife,75,CA,1571957206,80,62.45,-114.38,35.6,8.05
68,Kattivakkam,40,IN,1571957208,88,13.22,80.32,80.6,5.82
69,East London,80,ZA,1571957210,81,-33.02,27.91,65.16,13.4
70,Mehamn,75,NO,1571957212,86,71.03,27.85,32.0,2.24
71,Adolfo Lopez Mateos,0,MX,1571957213,41,26.8,-109.39,91.99,5.99
72,Tasiilaq,5,GL,1571957215,49,65.61,-37.64,24.8,2.24
73,Acajutla,20,SV,1571957132,74,13.59,-89.83,80.6,4.7
74,Pitimbu,7,BR,1571957221,83,-7.47,-34.81,75.2,4.7
75,Muros,90,ES,1571957223,87,42.77,-9.06,64.99,6.93
76,Yulara,0,AU,1571957225,49,-25.24,130.99,68.0,16.11
77,Pomuch,40,MX,1571957227,59,20.14,-90.18,89.6,13.87
78,Victoria,75,BN,1571957228,94,5.28,115.24,77.0,1.12
79,Reigate,84,GB,1571957230,100,51.24,-0.21,53.01,5.82
80,Kihei,90,US,1571957232,61,20.76,-156.45,84.99,4.7
81,Ribeira Grande,100,PT,1571957234,87,38.52,-28.7,65.79,12.44
82,Puerto Ayora,20,EC,1571957235,57,-0.74,-90.35,78.8,20.8
83,Pangnirtung,90,CA,1571957237,65,66.15,-65.72,41.0,25.28
84,Saskylakh,0,RU,1571957239,87,71.97,114.09,7.61,16.8
85,Erenhot,3,CN,1571957240,71,43.65,111.97,29.86,8.48
86,Udaipura,82,IN,1571957242,64,23.07,78.51,67.03,5.57
87,Lac-Megantic,75,CA,1571957244,62,45.58,-70.88,53.6,10.29
88,Shahr-e Babak,33,IR,1571957245,38,30.12,55.12,52.23,2.1
89,Dingle,0,PH,1571957189,83,11.0,122.67,80.04,9.64
90,Albert Lea,1,US,1571957249,52,43.65,-93.37,44.6,5.82
91,Manokwari,100,ID,1571957251,66,-0.87,134.08,80.22,3.2
92,Ifanadiana,0,MG,1571957252,78,-21.3,47.64,65.79,2.33
93,Polunochnoye,100,RU,1571957254,91,60.87,60.43,30.24,4.92
94,Pevek,100,RU,1571957126,94,69.7,170.27,15.64,13.76
95,Fairbanks,1,US,1571957124,80,64.84,-147.72,39.99,1.74
96,Geraldton,75,CA,1571957259,79,49.72,-86.95,32.0,6.93
97,Qaanaaq,100,GL,1571957261,92,77.48,-69.36,28.67,18.92
98,Wadi Maliz,40,TN,1571957263,63,36.47,8.55,62.6,8.05
99,San Cristobal,39,HN,1571957264,86,14.68,-86.92,68.94,7.58
100,Iqaluit,90,CA,1571957000,98,63.75,-68.52,33.8,17.22
101,Araouane,0,ML,1571957156,17,18.9,-3.53,89.94,9.75
102,Taoudenni,0,ML,1571957124,36,22.68,-3.98,82.98,9.15
103,Tongliao,25,CN,1571957271,53,43.61,122.27,33.48,13.76
104,Lavrentiya,92,RU,1571957273,69,65.58,-170.99,28.53,11.79
105,Nikolskoye,90,RU,1571957274,75,59.7,30.79,48.0,4.47
106,Caravelas,95,BR,1571957276,93,-17.73,-39.27,72.99,4.76
107,Ridgecrest,40,US,1571957144,4,35.62,-117.67,82.99,14.99
108,Channel-Port aux Basques,33,CA,1571957279,89,47.57,-59.14,47.79,11.7
109,Kollam,40,IN,1571957281,94,8.88,76.6,77.0,4.7
110,Pychas,100,RU,1571957283,86,56.5,52.44,42.01,4.36
111,Vrangel,100,RU,1571957285,90,42.73,133.08,52.74,32.21
112,Hilo,1,US,1571957286,45,19.71,-155.08,87.8,8.05
113,Hambantota,90,LK,1571957288,100,6.12,81.12,73.4,14.36
114,Hermanus,100,ZA,1571957290,60,-34.42,19.24,66.0,7.0
115,Port Blair,20,IN,1571957292,100,11.67,92.75,77.0,2.24
116,Pyapon,61,MM,1571957293,89,16.29,95.68,77.14,2.1
117,Castro,90,CL,1571957166,100,-42.48,-73.76,48.2,12.75
118,Rocha,16,UY,1571957297,83,-34.48,-54.34,50.86,3.31
119,Clyde River,90,CA,1571957298,100,70.47,-68.59,33.8,17.22
120,Motupe,64,PE,1571957300,74,-6.15,-79.72,61.92,1.54
121,Waitati,100,NZ,1571957302,57,-45.75,170.57,52.0,32.99
122,Zharkovskiy,0,RU,1571957307,96,55.85,32.27,40.06,3.53
123,Paso de Patria,0,AR,1571957308,47,-27.25,-58.55,80.6,6.93
124,Lasa,20,CY,1571957310,64,34.92,32.53,71.6,5.82
125,Nanortalik,100,GL,1571957312,74,60.14,-45.24,35.56,14.67
126,Barrow,31,AR,1571957313,82,-38.31,-60.23,50.07,9.08
127,Morehead,1,US,1571957315,36,38.18,-83.43,66.2,1.83
128,Storsteinnes,100,NO,1571957317,96,69.24,19.23,32.0,9.17
129,Hofn,100,IS,1571957318,63,64.25,-15.21,37.67,44.92
130,Macas,75,EC,1571957320,94,-2.3,-78.12,69.8,6.93
131,Flinders,0,AU,1571957126,23,-34.58,150.85,86.0,13.87
132,Dezhou,96,CN,1571957323,32,37.45,116.31,47.23,16.4
133,Nouadhibou,1,MR,1571957325,69,20.93,-17.03,73.4,8.05
134,Usinsk,76,RU,1571957144,92,66.0,57.56,23.5,13.91
135,Beringovskiy,100,RU,1571957142,77,63.05,179.32,20.1,21.21
136,Leningradskiy,100,RU,1571957330,79,69.38,178.42,20.88,29.48
137,Susanville,1,US,1571957301,13,40.42,-120.65,64.4,6.93
138,Malanje,45,AO,1571957335,97,-9.54,16.35,66.15,3.6
139,Chapais,90,CA,1571957336,86,49.78,-74.86,37.4,9.17
140,Cabo San Lucas,5,MX,1571957199,54,22.89,-109.91,88.0,13.87
141,Yumen,100,CN,1571957340,14,40.29,97.04,35.11,8.5
142,Foix,90,FR,1571957343,82,42.97,1.61,59.0,16.11
143,Olinda,75,AU,1571957345,67,-37.84,145.39,64.0,10.29
144,Leh,74,IN,1571957347,49,34.16,77.58,23.63,4.68
145,Marandahalli,40,IN,1571957348,100,12.89,78.11,69.8,9.17
146,Roald,100,NO,1571957350,87,62.58,6.12,51.8,5.82
147,Portland,20,US,1571956712,62,43.66,-70.25,57.99,8.05
148,Longyearbyen,20,NO,1571957115,72,78.22,15.63,10.4,2.89
149,Ahipara,82,NZ,1571957356,74,-35.17,173.16,66.99,17.13
150,Pesaro,100,IT,1571957358,93,43.91,12.91,64.0,3.36
151,Faanui,1,PF,1571957360,60,-16.48,-151.75,79.83,9.06
152,Namibe,78,AO,1571957147,75,-15.19,12.15,69.64,0.67
153,Weligama,100,LK,1571957363,92,5.97,80.42,74.5,4.56
154,Riyadh,18,SA,1571957365,31,24.63,46.72,75.2,3.36
155,Tiksi,11,RU,1571957366,84,71.64,128.87,7.38,12.68
156,Mogok,73,MM,1571957371,99,22.92,96.51,63.48,1.79
157,Bambous Virieux,75,MU,1571957373,88,-20.34,57.76,75.2,6.93
158,Taywarah,0,AF,1571957376,47,33.35,64.42,28.22,4.56
159,Hanumangarh,0,IN,1571957378,39,29.58,74.33,70.57,8.01
160,Jacareacanga,72,BR,1571957380,81,-6.22,-57.76,76.95,2.13
161,Butaritari,51,KI,1571957383,69,3.07,172.79,84.15,5.3
162,Ambilobe,21,MG,1571957385,78,-13.19,49.05,73.44,9.46
163,Acapulco,90,MX,1571957386,83,16.86,-99.88,82.4,3.36
164,Georgetown,20,GY,1571957233,78,6.8,-58.16,82.4,4.7
165,Hasaki,75,JP,1571957389,93,35.73,140.83,64.4,16.11
166,Gulf Gate Estates,1,US,1571957391,55,27.26,-82.51,89.01,10.29
167,Kodiak,90,US,1571957393,70,39.95,-94.76,45.0,5.82
168,Dunedin,100,NZ,1571957174,57,-45.87,170.5,52.0,32.99
169,Sikasso,100,ML,1571957398,71,11.32,-5.68,77.76,5.61
170,Igarka,100,RU,1571957399,97,67.47,86.57,30.15,9.64
171,Obidos,36,PT,1571957403,87,39.36,-9.16,59.0,4.7
172,Provideniya,40,RU,1571957408,68,64.42,-173.23,30.2,6.71
173,Labytnangi,45,RU,1571957409,84,66.66,66.39,20.55,17.0
174,Oranjemund,97,ZA,1571957411,65,-28.55,16.43,59.02,4.07
175,Les Cayes,27,HT,1571957413,70,18.19,-73.75,84.33,9.57
176,Prince Rupert,90,CA,1571957416,100,54.32,-130.32,46.4,5.82
177,Batouri,92,CM,1571957419,97,4.44,14.36,68.47,2.91
178,Bethel,90,US,1571957421,70,60.79,-161.76,33.8,12.75
179,Gravdal,100,NO,1571957422,87,59.79,5.78,51.01,10.29
180,Cukai,88,MY,1571957424,94,4.25,103.42,77.0,6.4
181,Boende,91,CD,1571957426,90,-0.28,20.88,72.21,0.83
182,Kosh-Agach,100,RU,1571957428,61,49.99,88.66,15.66,1.12
183,Corlu,40,AZ,1571957429,87,40.93,47.73,51.8,2.39
184,Alice Springs,0,AU,1571957431,26,-23.7,133.88,80.6,12.75
185,Esperance,90,AU,1571957433,100,-33.86,121.89,50.0,10.29
186,Acari,48,BR,1571957434,83,-6.44,-36.64,69.82,29.51
187,Husavik,48,CA,1571957436,54,50.56,-96.99,39.99,9.73
188,Khatanga,42,RU,1571957151,86,71.98,102.47,9.0,8.43
189,Klaksvik,85,FO,1571957439,86,62.23,-6.59,41.0,13.87
190,Kaitangata,100,NZ,1571957441,69,-46.28,169.85,48.31,28.5
191,Raudeberg,100,NO,1571957223,100,61.99,5.14,50.0,11.41
192,Vagur,93,FO,1571957444,76,61.47,-6.81,44.13,28.81
193,Avarua,64,CK,1571957193,69,-21.21,-159.78,78.8,3.36
194,Ust-Nera,67,RU,1571957448,99,64.57,143.24,-10.05,2.75
195,Lake Cowichan,90,CA,1571957449,81,48.82,-124.05,55.99,5.82
196,Senador Jose Porfirio,68,BR,1571957451,60,-2.59,-51.95,83.79,5.06
197,San Pedro,18,AR,1571957451,53,-33.68,-59.66,69.01,1.99
198,Demmin,20,DE,1571957454,93,53.91,13.03,53.01,4.7
199,Maamba,17,ZM,1571957459,22,-17.36,27.22,77.7,2.39
200,Sitka,100,US,1571957461,49,37.17,-99.65,41.0,15.01
201,Kudahuvadhoo,100,MV,1571957463,74,2.67,72.89,80.76,11.95
202,Port Lincoln,1,AU,1571957401,50,-34.72,135.86,62.22,25.57
203,Agogo,38,GH,1571957466,91,6.8,-1.08,72.79,1.79
204,Faya,5,SA,1571957468,93,18.39,42.45,62.6,3.29
205,Zaozhuang,100,CN,1571957231,53,34.86,117.55,55.67,10.98
206,Pali,0,IN,1571957471,34,25.77,73.33,73.04,4.63
207,Rome,75,IT,1571957188,87,41.89,12.48,64.4,6.93
208,Farafangana,19,MG,1571957475,90,-22.82,47.83,75.78,13.35
209,Champerico,40,MX,1571957476,55,16.38,-93.6,86.0,2.26
210,Rio Gallegos,75,AR,1571957478,58,-51.62,-69.22,55.4,5.82
211,Kostomuksha,100,RU,1571957480,93,64.59,30.6,41.27,9.24
212,Baghdad,61,IQ,1571957325,82,33.3,44.38,64.4,4.7
213,Srednekolymsk,1,RU,1571957483,94,67.46,153.71,-1.86,1.07
214,Kantang,98,TH,1571957485,93,7.42,99.52,75.43,2.01
215,Ketchikan,90,US,1571957486,93,55.34,-131.65,48.2,11.41
216,Peyima,100,SL,1571957488,99,8.69,-11.04,69.39,1.45
217,Lima,20,PE,1571957239,77,-12.06,-77.04,64.4,17.22
218,Aswan,0,EG,1571957491,27,24.09,32.9,73.4,8.05
219,Port Hedland,0,AU,1571957493,24,-20.31,118.58,80.6,8.05
220,Okhotsk,100,RU,1571957495,92,59.36,143.24,24.37,12.64
221,Havre-Saint-Pierre,90,CA,1571957497,93,50.23,-63.6,44.6,10.29
222,Kozulka,28,UA,1571957498,93,50.04,23.8,46.4,6.71
223,Vila Velha,78,BR,1571957365,69,-3.71,-38.6,80.6,9.17
224,Constantine,40,DZ,1571957502,62,36.36,6.61,57.2,4.7
225,Tateyama,90,JP,1571957505,93,36.66,137.31,61.0,2.24
226,Cururupu,100,BR,1571957507,93,-1.82,-44.87,73.9,2.71
227,High Rock,40,BS,1571957508,78,26.63,-78.28,82.4,12.75
228,Blagoyevo,100,RU,1571957510,99,63.37,47.92,32.97,3.47
229,Loandjili,75,CG,1571957512,94,-4.77,11.87,78.8,8.05
230,Binga,17,ZW,1571957514,47,-17.62,27.34,82.2,2.21
231,Huicungo,68,PE,1571957515,94,-7.28,-76.8,64.0,2.55
232,Pangai,75,TO,1571957517,78,-19.8,-174.35,75.2,10.29
233,Villa Carlos Paz,20,AR,1571957299,34,-31.42,-64.5,78.8,23.04
234,Aykhal,90,RU,1571957520,100,65.95,111.51,10.4,4.47
235,Bonavista,97,CA,1571957522,82,48.65,-53.11,48.0,3.0
236,Ancud,90,CL,1571957524,100,-41.87,-73.83,48.2,12.75
237,Umm Kaddadah,92,SD,1571957525,21,13.6,26.69,86.27,10.8
238,Burns Lake,100,CA,1571957527,99,54.23,-125.76,38.34,2.26
239,Yar-Sale,0,RU,1571957529,84,66.83,70.83,17.85,15.61
240,Torbay,90,CA,1571957531,100,47.66,-52.73,48.99,19.46
241,Dwarka,0,IN,1571957534,68,28.58,77.04,69.8,5.82
242,Port Macquarie,0,AU,1571957536,47,-31.43,152.91,78.01,9.17
243,Iranshahr,0,IR,1571957538,24,27.21,60.69,72.1,4.47
244,Yerkoy,0,TR,1571957539,68,39.64,34.47,49.23,2.33
245,Goyty,40,RU,1571957541,93,43.16,45.62,44.6,1.25
246,Chilliwack,90,CA,1571957536,76,49.17,-121.95,57.99,3.36
247,Sambava,21,MG,1571957546,93,-14.27,50.17,68.13,3.24
248,Saint Anthony,1,US,1571957548,36,43.97,-111.68,46.4,8.05
249,Nome,40,US,1571957550,65,30.04,-94.42,78.8,11.41
250,Bauchi,22,NG,1571957551,81,10.31,9.85,73.47,3.94
251,Meulaboh,100,ID,1571957553,85,4.14,96.13,78.37,4.63
252,Barpeta,90,IN,1571957555,94,26.33,91.01,69.8,12.24
253,Marau,32,BR,1571957556,86,-28.45,-52.2,56.32,3.76
254,Oyem,47,GA,1571957558,99,1.6,11.57,66.15,2.59
255,Mstera,56,RU,1571957560,96,56.38,41.92,41.4,3.62
256,Belaya Gora,0,RU,1571957562,93,68.54,146.19,-3.03,5.61
257,Upernavik,100,GL,1571957563,63,72.79,-56.15,34.63,8.81
258,Hienghene,38,NC,1571957565,73,-20.68,164.93,70.93,19.91
259,Martinsburg,1,US,1571957467,38,39.46,-77.96,64.4,3.62
260,Belogorsk,100,RU,1571957570,97,50.92,128.47,31.95,16.17
261,Jampur,0,PK,1571957573,33,29.64,70.6,72.16,6.62
262,Ixtapa,75,MX,1571957575,79,20.71,-105.21,87.01,10.29
263,Yebaishou,0,CN,1571957577,42,41.4,119.64,31.6,19.44
264,Salalah,26,OM,1571957578,57,17.01,54.1,78.8,3.36
265,Cidreira,3,BR,1571957580,84,-30.17,-50.22,67.51,5.88
266,Port Elizabeth,1,US,1571957582,62,39.31,-74.98,61.0,3.36
267,Moerai,84,PF,1571957585,72,-22.43,-151.33,74.57,1.74
268,Nuzvid,100,IN,1571957587,96,16.79,80.85,72.63,3.51
269,Tromso,75,NO,1571957589,96,69.65,18.96,32.0,11.41
270,Tautira,20,PF,1571957590,55,-17.73,-149.15,86.0,4.7
271,Kieta,90,PG,1571957592,66,-6.22,155.63,84.42,5.77
272,Oneida,1,US,1571957594,65,41.07,-90.23,48.2,4.63
273,Namatanai,95,PG,1571957596,76,-3.66,152.44,83.97,13.6
274,Vasterhaninge,98,SE,1571957597,87,59.12,18.1,53.6,12.75
275,Uruzgan,0,AF,1571957599,60,32.93,66.63,34.52,4.59
276,Broken Hill,93,AU,1571957601,45,-31.97,141.45,66.2,19.46
277,Milkovo,0,BG,1571957604,61,41.53,24.68,64.0,2.24
278,Esmeraldas,40,BR,1571957605,60,-19.76,-44.31,78.8,6.93
279,Abilene,90,US,1571957463,81,32.45,-99.73,48.0,27.51
280,Opuwo,33,NA,1571957609,21,-18.06,13.84,68.81,7.65
281,Chokurdakh,27,RU,1571957611,96,70.62,147.9,-3.18,8.84
282,Havoysund,90,NO,1571957612,92,71.0,24.66,32.0,24.16
283,Santa Cruz,8,BR,1571957614,83,-6.22,-36.02,71.38,10.13
284,Rancho Palos Verdes,5,US,1571957620,9,33.75,-118.37,98.6,9.17
285,Najran,13,SA,1571957622,25,17.54,44.22,66.2,1.01
286,Valdivia,20,CL,1571957624,76,-39.81,-73.25,53.6,3.36
287,Samarkand,99,UZ,1571957626,43,39.65,66.98,50.0,11.41
288,Kamsack,90,CA,1571957627,41,51.56,-101.9,42.8,10.29
289,Norman Wells,90,CA,1571957629,86,65.28,-126.83,26.6,6.93
290,Dengzhou,100,CN,1571957631,66,32.69,112.08,55.78,9.84
291,Wuwei,100,CN,1571957634,39,37.93,102.64,34.41,1.07
292,Uvinza,45,TZ,1571957636,90,-5.1,30.39,67.57,0.25
293,San Vicente,75,EC,1571957638,83,-0.59,-80.41,75.2,10.29
294,Vuktyl,98,RU,1571957639,95,63.86,57.31,26.8,7.2
295,Ravar,0,IR,1571957641,48,31.27,56.81,53.47,1.97
296,Shingu,68,JP,1571957643,82,33.72,135.99,74.73,6.15
297,Sur,0,OM,1571957644,32,22.57,59.53,77.16,2.57
298,Bathsheba,40,BB,1571957646,74,13.22,-59.52,82.4,12.75
299,Nyuksenitsa,84,RU,1571957648,93,60.41,44.24,39.88,7.43
300,Carmen,75,PH,1571957650,94,7.36,125.71,75.2,2.24
301,Singapore,75,MY,1571957024,88,1.29,103.85,80.6,1.12
302,Lakes Entrance,1,AU,1571957656,30,-37.88,147.99,82.99,17.56
303,Kondinskoye,40,RU,1571957657,87,59.65,67.41,26.82,9.93
304,Mungaa,84,TZ,1571957659,77,-4.97,34.86,66.24,9.15
305,Hami,0,CN,1571957661,30,42.84,93.51,31.24,1.45
306,Oktyabrskiy,75,RU,1571957662,87,55.61,37.97,48.2,2.24
307,Gao,0,ML,1571957666,17,16.28,-0.04,91.36,10.07
308,Grand Gaube,75,MU,1571957667,88,-20.01,57.66,75.2,6.93
309,Bima,100,ID,1571957669,55,-8.45,118.73,81.27,2.15
310,Lang Son,92,VN,1571957671,88,21.83,106.73,65.07,3.6
311,Aklavik,90,CA,1571957674,79,68.22,-135.01,21.2,5.82
312,Santa Rosa,51,AR,1571957610,58,-36.62,-64.29,59.16,2.13
313,Kavieng,98,PG,1571957677,75,-2.57,150.8,84.63,14.14
314,Sao Filipe,64,CV,1571957679,81,14.9,-24.5,74.53,11.9
315,Russellville,90,US,1571957680,82,35.28,-93.13,60.01,5.32
316,Ostrovnoy,100,RU,1571957682,85,68.05,39.51,25.65,2.04
317,Pinillos,92,CO,1571957684,94,8.92,-74.46,76.77,0.87
318,Kota Kinabalu,75,MY,1571957685,94,5.98,116.07,75.2,8.05
319,Batemans Bay,0,AU,1571957687,28,-35.71,150.18,84.99,11.01
320,Inta,62,RU,1571957689,89,66.04,60.13,22.77,14.88
321,Vanimo,100,PG,1571957690,82,-2.67,141.3,79.95,12.35
322,Northampton,0,AU,1571957692,76,-28.35,114.63,55.4,11.41
323,Cherskiy,99,RU,1571957694,94,68.75,161.3,0.68,10.36
324,Punahana,0,IN,1571957695,52,27.87,77.2,69.58,2.86
325,Brainerd,1,US,1571957697,48,46.36,-94.2,41.0,3.36
326,Aquiraz,95,BR,1571957699,69,-3.9,-38.39,80.6,9.17
327,Alexandria,0,RO,1571957592,91,43.97,25.33,43.0,6.82
328,Danane,15,CI,1571957702,98,7.26,-8.15,67.15,1.19
329,Burnie,67,AU,1571957704,74,-41.05,145.91,66.99,8.99
330,Manoel Urbano,71,BR,1571957706,91,-8.84,-69.26,73.42,2.39
331,Killarney,0,AU,1571957707,23,-28.34,152.3,83.21,2.68
332,Interlaken,75,CH,1571957709,93,46.69,7.86,57.2,0.11
333,Lambarene,100,GA,1571957711,98,-0.7,10.22,73.51,2.15
334,Constitucion,75,MX,1571957714,34,23.99,-104.67,78.8,10.29
335,Jennings,0,AU,1571957717,27,-28.93,151.93,75.72,6.08
336,Payson,1,US,1571957722,23,40.04,-111.73,54.0,4.7
337,Iwaki,75,JP,1571957724,93,37.05,140.89,64.99,14.99
338,Poronaysk,8,RU,1571957726,79,49.22,143.1,43.77,6.4
339,Georgiyevskoye,100,RU,1571957727,81,44.16,39.25,53.06,2.8
340,Touros,20,BR,1571957729,73,-5.2,-35.46,77.0,6.93
341,A Coruna,20,ES,1571957731,87,43.37,-8.4,61.0,5.82
342,Priargunsk,6,RU,1571957732,51,50.37,119.09,23.2,2.28
343,Souillac,36,FR,1571957734,93,45.6,-0.6,55.99,4.47
344,Yorosso,89,ML,1571957736,54,12.35,-4.78,83.01,6.96
345,Tessalit,53,ML,1571957737,20,20.2,1.01,85.24,4.0
346,Palmdale,1,US,1571957592,7,34.58,-118.12,96.8,18.34
347,Rockhampton,20,AU,1571957741,50,-23.38,150.51,75.2,6.93
348,Tura,96,RU,1571957742,95,64.27,100.22,14.94,3.89
349,Adrar,0,DZ,1571957744,16,27.87,-0.29,66.2,10.29
350,Brawley,1,US,1571957746,3,32.98,-115.53,89.6,14.99
351,Pacifica,1,US,1571957747,30,37.61,-122.49,93.2,10.29
352,Kristianstad,62,SE,1571957749,100,56.03,14.16,55.4,5.82
353,Tonantins,97,BR,1571957751,96,-2.86,-67.77,73.49,1.99
354,Grindavik,75,IS,1571957752,69,63.84,-22.43,35.6,26.4
355,Novobirilyussy,100,RU,1571957756,93,56.95,90.69,32.65,8.55
356,Road Town,20,VG,1571957757,83,18.42,-64.62,79.0,1.12
357,Umea,100,SE,1571957759,100,63.83,20.26,39.2,1.12
358,Puerto Princesa,20,PH,1571957761,83,9.74,118.73,78.8,6.93
359,Beloha,0,MG,1571957763,64,-25.17,45.06,73.56,0.89
360,Tornio,90,FI,1571957764,81,61.12,27.27,50.0,11.41
361,Lac du Bonnet,65,CA,1571957766,100,50.25,-96.06,39.0,4.65
362,Batagay,53,RU,1571957768,89,67.65,134.64,-0.55,2.48
363,Lorengau,100,PG,1571957770,73,-2.02,147.27,84.54,11.83
364,Vanavara,94,RU,1571957772,95,60.35,102.28,26.35,6.93
365,Laguna,20,BZ,1571957774,70,16.17,-88.94,86.0,4.7
366,Chipata,57,ZM,1571957776,43,-13.64,32.65,77.52,8.72
367,Digby,16,CA,1571957779,39,44.62,-65.76,52.0,8.99
368,Khorixas,16,NA,1571957781,22,-20.37,14.96,68.61,5.35
369,Cayenne,36,GF,1571957782,88,4.94,-52.33,78.8,4.65
370,Birobidzhan,65,RU,1571957784,63,48.79,132.93,40.73,4.32
371,Saint-Pierre,90,FR,1571957786,93,48.95,4.24,59.0,11.41
372,Ternate,20,PH,1571957788,78,14.29,120.72,81.0,2.24
373,Morondava,0,MG,1571957789,66,-20.3,44.28,75.81,3.24
374,Tera,20,CY,1571957791,60,34.97,32.42,71.6,5.82
375,Alasehir,0,TR,1571957793,64,38.35,28.52,55.67,1.74
376,Thompson,90,CA,1571957795,69,55.74,-97.86,35.6,6.93
377,Seoul,1,KR,1571957394,81,37.57,126.98,57.2,1.12
378,Harer,90,US,1571957798,41,42.19,-111.17,51.01,4.7
379,Oksfjord,90,NO,1571957801,92,70.24,22.35,28.4,24.16
380,Zyryanka,21,RU,1571957803,87,65.73,150.89,1.69,6.96
381,Bahia Honda,56,CU,1571957805,85,22.9,-83.16,79.07,11.83
382,Stantsionno-Oyashinskiy,100,RU,1571957807,94,55.47,83.82,33.57,11.7
383,Bertoua,74,CM,1571957809,99,4.58,13.68,67.62,2.86
384,Pontes e Lacerda,100,BR,1571957811,65,-15.23,-59.33,79.7,2.3
385,Kitimat,90,CA,1571957812,93,54.02,-128.69,46.4,11.41
386,Santo Estevao,1,BR,1571957814,89,-12.43,-39.25,71.73,6.29
387,Nabire,100,ID,1571957816,75,-3.36,135.5,81.82,0.76
388,Kolobrzeg,68,PL,1571957818,86,54.18,15.58,57.0,8.34
389,Atasu,99,KZ,1571957820,56,48.68,71.64,41.04,9.84
390,Tilichiki,0,RU,1571957821,55,60.47,166.1,16.16,8.61
391,Talnakh,75,RU,1571957823,79,69.49,88.39,28.4,24.61
392,Axim,84,GH,1571957825,92,4.87,-2.24,75.33,3.27
393,Cuamba,0,MZ,1571957826,52,-14.8,36.54,79.5,9.48
394,Mokhsogollokh,100,RU,1571957828,91,61.4,128.95,17.8,3.44
395,Fort-Shevchenko,12,KZ,1571957830,45,44.51,50.26,53.55,7.38
396,Shchigry,0,RU,1571957832,92,51.87,36.91,46.26,1.63
397,Vung Tau,0,VN,1571957781,86,10.35,107.08,77.49,4.94
398,Buraydah,75,SA,1571957837,39,26.33,43.97,80.6,16.11
399,Kahului,90,US,1571957838,61,20.89,-156.47,86.0,4.7
400,Chuy,1,UY,1571957626,88,-33.69,-53.46,54.99,5.59
401,Ishigaki,20,JP,1571957841,82,24.34,124.16,68.0,5.82
402,Wisconsin Rapids,90,US,1571957843,69,44.39,-89.82,42.8,3.36
403,Manali,0,IN,1571957845,47,32.25,77.19,43.18,6.82
404,Lufilufi,11,WS,1571957847,83,-13.87,-171.6,80.01,4.0
405,Kirov,97,RU,1571957848,92,58.6,49.66,40.06,5.88
406,Isla Mujeres,40,MX,1571957850,70,21.23,-86.73,86.0,9.17
407,Ugoofaaru,99,MV,1571957853,77,5.67,73.0,81.93,9.66
408,Bereda,20,ES,1571957855,87,43.27,-7.54,61.0,5.82
409,Belyy Yar,100,RU,1571957857,52,53.6,91.39,41.0,8.95
410,Leshukonskoye,100,RU,1571957859,99,64.9,45.76,31.93,2.35
411,Rosario,15,UY,1571957861,52,-34.31,-57.35,69.8,3.36
412,Henties Bay,0,NA,1571957862,91,-22.12,14.28,61.0,1.01
413,Fortuna,20,US,1571957864,34,40.6,-124.16,87.01,3.36
414,Dzaoudzi,9,YT,1571957866,78,-12.79,45.27,80.6,8.05
415,Benjamin Hill,0,MX,1571957868,23,30.17,-111.1,93.0,1.99
416,Teahupoo,20,PF,1571957869,55,-17.83,-149.27,86.0,4.7
417,Xining,100,CN,1571957871,71,36.62,101.77,31.84,1.63
418,Joshimath,0,IN,1571957873,35,30.57,79.57,37.85,5.12
419,Sambalpur,100,IN,1571957874,96,21.47,83.98,71.46,6.55
420,Rodrigues Alves,40,BR,1571957876,66,-7.74,-72.65,86.0,3.36
421,Olmos,64,PE,1571957878,74,-5.99,-79.75,61.92,1.54
422,Miles City,90,US,1571957879,45,46.41,-105.84,46.4,11.41
423,Rawson,87,AR,1571957881,70,-43.3,-65.11,55.15,16.04
424,Sinnamary,0,GF,1571957883,80,5.38,-52.96,82.18,11.86
425,Borovskoy,56,KZ,1571957885,90,53.8,64.15,36.59,6.89
426,Newtonhill,0,GB,1571957887,80,57.46,-4.37,39.99,12.75
427,Kirakira,93,SB,1571957890,68,-10.46,161.92,83.64,10.8
428,Eureka,20,US,1571957659,34,40.8,-124.16,84.2,3.36
429,Maralal,5,KE,1571957895,83,1.1,36.7,62.87,8.21
430,Dryden,40,CA,1571957896,51,49.79,-92.84,35.6,11.41
431,Pisco,77,PE,1571957898,30,-13.71,-76.2,71.6,17.22
432,Porto Novo,75,BR,1571957788,88,-23.68,-45.44,68.0,4.7
433,Salto,40,BR,1571957902,69,-23.2,-47.29,79.0,17.22
434,Marrakesh,0,MA,1571957904,25,31.63,-7.99,64.4,4.7
435,Bourail,29,NC,1571957905,41,-21.57,165.5,76.44,6.44
436,Codrington,0,AU,1571957907,64,-28.95,153.24,73.99,5.44
437,Flin Flon,75,CA,1571957909,60,54.77,-101.88,39.2,9.17
438,Ilebo,100,CD,1571957910,98,-4.33,20.59,70.48,1.83
439,Ratnagiri,87,IN,1571957914,93,16.98,73.3,72.72,3.87
440,Kinshasa,20,CD,1571957759,74,-4.32,15.31,82.4,2.24
441,Yumbel,7,CL,1571957917,62,-37.1,-72.56,57.2,10.29
442,Riberalta,75,BO,1571957919,88,-11.0,-66.08,78.8,9.17
443,Puerto Madero,30,AR,1571957920,60,-34.61,-58.36,72.0,6.93
444,Abong Mbang,100,CM,1571957922,98,3.98,13.18,68.0,1.81
445,Pacific Grove,1,US,1571957924,12,36.62,-121.92,96.8,11.41
446,Nemuro,79,JP,1571957926,68,43.32,145.57,51.22,10.27
447,Havelock,40,US,1571957927,60,34.88,-76.9,71.6,8.05
448,Buritis,58,BR,1571957929,79,-15.62,-46.42,72.52,1.92
449,Gizo,29,IL,1571957931,64,31.8,34.94,70.0,5.82
450,Aurillac,100,FR,1571957932,93,44.93,2.44,54.0,5.82
451,Mount Isa,0,AU,1571957934,19,-20.73,139.49,86.0,5.82
452,Paamiut,91,GL,1571957936,71,61.99,-49.67,35.02,16.26
453,Imeni Poliny Osipenko,96,RU,1571957937,79,52.42,136.49,36.19,1.59
454,Mayskiy,94,RU,1571957939,87,43.63,44.06,44.6,4.47
455,Uruacu,50,BR,1571957941,73,-14.52,-49.14,76.19,3.96
456,Santa Cruz del Sur,0,CU,1571957942,71,20.71,-78.0,85.26,20.18
457,Dapaong,82,TG,1571957944,66,10.86,0.2,80.22,6.51
458,Kahramanmaras,40,TR,1571957946,72,37.58,36.93,60.8,2.24
459,Stara Vyzhivka,0,UA,1571957948,76,51.44,24.44,52.9,7.99
460,Half Moon Bay,1,US,1571957949,30,37.46,-122.43,91.99,10.29
461,Emba,20,CY,1571957951,60,34.81,32.42,71.6,5.82
462,Basco,1,US,1571957953,70,40.33,-91.2,48.2,4.97
463,Vestmannaeyjar,76,IS,1571957954,64,63.44,-20.27,35.64,34.87
464,Praya,20,ID,1571957956,88,-8.71,116.27,77.0,4.09
465,Chicama,75,PE,1571957958,82,-7.84,-79.15,64.4,12.75
466,Guanare,91,VE,1571957961,94,9.04,-69.74,73.98,0.98
467,Hernani,40,ES,1571957963,93,43.27,-1.98,57.0,4.7
468,Ayr,77,AU,1571957964,66,-19.58,147.4,79.0,5.01
469,Trairi,27,BR,1571957933,85,-3.28,-39.27,73.58,5.99
470,Ola,100,RU,1571957679,61,59.58,151.3,26.89,4.0
471,Katsuura,90,JP,1571957969,88,33.93,134.5,64.4,18.34
472,Bam,0,IR,1571957971,30,29.11,58.36,63.46,2.98
473,Nikel,90,NO,1571957973,92,69.41,30.21,26.6,14.99
474,Tambovka,93,RU,1571957974,55,47.32,47.38,53.83,5.82
475,Weyburn,90,CA,1571957976,59,49.67,-103.85,42.01,5.01
476,Vao,35,EE,1571957978,95,59.1,26.19,43.97,6.38
477,Kununurra,90,AU,1571957979,74,-15.77,128.74,80.6,5.82
478,Lagoa,64,PT,1571957981,77,37.14,-8.45,59.0,3.36
479,Lengede,92,DE,1571957983,77,52.21,10.31,62.01,11.41
480,Auchel,90,FR,1571957985,87,50.51,2.47,55.99,12.75
481,Muriwai Beach,28,NZ,1571957987,62,-36.82,174.45,60.01,24.16
482,Ryotsu,100,JP,1571957988,82,38.08,138.43,60.8,9.17
483,Lewistown,1,US,1571957992,65,40.39,-90.15,48.2,3.65
484,Galveston,1,US,1571957993,61,40.58,-86.19,55.0,4.7
485,Bull Savanna,69,JM,1571957997,90,17.89,-77.59,71.8,2.35
486,Baykit,100,RU,1571957998,97,61.68,96.39,25.48,3.2
487,Magdalena,20,PH,1571958000,78,14.2,121.43,81.0,2.24
488,Valentin Gomez Farias,75,MX,1571958002,34,24.05,-104.7,78.8,10.29
489,Bathurst,0,AU,1571958004,31,-33.42,149.58,75.99,15.99
490,Neiafu,75,TO,1571958009,78,-18.65,-173.98,77.0,6.93
491,Loknya,95,RU,1571958011,77,54.21,39.24,46.99,0.83
492,Berberati,98,CF,1571958016,97,4.26,15.79,68.7,1.19
493,Huilong,100,CN,1571958018,85,31.15,106.5,55.36,9.35
494,Black River,75,JM,1571958020,78,18.03,-77.85,80.6,4.7
495,Omsukchan,78,RU,1571958021,76,62.53,155.8,3.83,3.42
496,Byadgi,69,IN,1571958023,89,14.68,75.48,69.35,9.42
497,Nuevo Progreso,1,US,1571958025,55,26.05,-97.95,88.0,11.41
498,Biltine,85,TD,1571958027,48,14.53,20.93,82.08,2.53
499,Taksimo,100,RU,1571958028,95,56.36,114.84,8.13,0.31
500,Cordoba,0,AR,1571958030,29,-27.78,-67.24,76.21,7.94
501,Bambanglipuro,91,ID,1571958032,78,-7.95,110.28,76.51,5.23
502,Simbahan,88,PH,1571958033,70,6.3,120.58,84.81,8.9
503,Macapa,53,BR,1571958035,62,0.05,-51.07,87.8,8.05
504,Katakwi,10,UG,1571958037,80,1.91,33.96,69.58,0.6
505,Baghmara,100,IN,1571958040,96,23.8,86.21,64.85,4.52
506,Moses Lake,1,US,1571958042,36,47.13,-119.28,64.0,5.82
507,Guadalupe y Calvo,0,MX,1571958046,58,26.09,-106.96,58.51,2.3
508,Lensk,0,RU,1571958048,82,60.71,114.91,11.5,2.89
509,Los Llanos de Aridane,92,ES,1571958050,63,28.66,-17.92,66.2,6.93
510,Honiara,20,SB,1571958051,66,-9.43,159.96,86.0,6.93
511,Vila,75,IT,1571958053,100,45.18,8.4,60.01,5.82
512,Madimba,20,CM,1571958055,100,4.42,9.93,73.4,0.83
513,Doha,0,QA,1571957851,78,25.29,51.53,86.0,3.98
514,Buchanan,75,LR,1571958058,94,5.88,-10.05,77.0,0.34
515,Capim Grosso,8,BR,1571958060,68,-11.38,-40.01,75.97,12.24
516,Calvia,7,ES,1571958063,72,39.57,2.51,64.99,3.36
517,Maldonado,0,UY,1571958065,63,-34.91,-54.96,62.6,3.36
518,Yarmouth,20,CA,1571957855,87,43.84,-66.12,53.01,9.17
519,Goya,3,AR,1571958070,75,-29.14,-59.27,66.34,8.14
520,Kaduqli,35,SD,1571958072,73,11.01,29.72,76.55,0.89
521,Khani,7,GE,1571958074,93,41.96,42.96,51.8,2.24
522,Broome,51,GB,1571958075,100,52.47,1.45,51.01,5.82
523,Plouzane,20,FR,1571958077,87,48.38,-4.62,53.6,9.17
524,Ilinskiy,75,RU,1571958079,87,55.62,38.12,48.2,2.24
525,Chara,0,GR,1571958080,66,39.42,22.43,53.6,0.38
526,Kaharlyk,90,UA,1571958082,100,49.87,30.82,50.0,4.47
527,Bloomfield,90,US,1571958084,70,40.75,-92.42,46.4,6.73
528,Pavlodolskaya,93,RU,1571958086,69,43.72,44.47,50.49,4.92
529,Biak,91,ID,1571958088,77,-0.91,122.88,81.3,9.42
530,Luanda,100,AO,1571958089,86,-8.83,13.24,76.98,9.66
531,Crisan,1,RO,1571958091,87,44.97,29.47,55.4,6.93
532,Solnechnyy,99,RU,1571958095,63,50.72,136.64,39.4,0.78
533,Diego de Almagro,0,CL,1571958097,47,-26.39,-70.05,53.96,1.39
534,Marsh Harbour,63,BS,1571958098,79,26.54,-77.06,80.49,18.34
535,Shimoda,90,JP,1571958100,100,34.7,138.93,62.6,10.29
536,Ibra,0,OM,1571958102,26,22.69,58.55,77.38,3.38
537,Kalmunai,100,LK,1571958103,69,7.42,81.82,81.63,8.52
538,Saint-Augustin,20,CA,1571958105,81,45.63,-73.98,52.0,2.24
539,Phan Thiet,10,VN,1571958005,80,10.93,108.1,76.51,1.83
540,Podgornoye,100,RU,1571958108,87,57.79,82.64,27.72,6.08
541,Mao,75,DO,1571958110,100,19.55,-71.08,80.6,7.2
542,Calama,0,CL,1571958112,13,-22.46,-68.93,71.6,20.8
543,Bubaque,98,GW,1571958115,79,11.28,-15.83,82.35,14.29
544,Isangel,75,VU,1571958117,61,-19.55,169.27,78.8,9.17
545,Lobito,96,AO,1571958118,85,-12.35,13.55,74.34,3.4
546,Komsomolskiy,78,RU,1571958120,88,67.55,63.78,20.64,17.18
547,Kalemie,86,CD,1571958122,79,-5.95,29.2,68.45,1.74
548,Gamba,29,CN,1571958124,77,28.28,88.52,24.26,1.61
549,Wasilla,90,US,1571958022,75,61.58,-149.44,46.4,6.93
550,Birmensdorf,75,CH,1571958127,93,47.35,8.44,59.0,3.36
551,Casas Grandes,0,MX,1571958129,27,30.15,-110.24,76.15,4.0
552,Wajima,100,JP,1571958105,82,37.4,136.9,63.61,13.47
553,San Patricio,0,PY,1571958132,73,-26.98,-56.83,65.03,6.04
554,Ferkessedougou,57,CI,1571958134,83,9.6,-5.2,74.73,4.32
555,Avera,1,US,1571958136,56,33.19,-82.53,73.4,3.36
556,Pakxan,44,LA,1571958138,84,18.39,103.66,73.27,1.97
557,Yinchuan,63,CN,1571958139,26,38.48,106.21,35.01,3.02
558,Kiunga,100,PG,1571958141,80,-6.12,141.3,80.35,1.74
559,Wanaka,60,NZ,1571958143,48,-44.7,169.14,47.28,4.32
560,Ruwi,0,OM,1571958144,78,23.6,58.55,77.0,2.24
561,Nipawin,90,CA,1571958146,56,53.36,-104.02,42.8,12.75
562,Savannah Bight,36,HN,1571957905,77,16.45,-85.85,83.66,19.04
563,Ouallam,17,NE,1571958151,21,14.32,2.08,87.8,3.42
564,Pochutla,75,MX,1571958153,88,15.74,-96.47,82.4,5.73
565,Corn Island,99,NI,1571958155,72,12.17,-83.04,83.26,8.99
566,Ulagan,100,RU,1571958156,57,50.63,87.96,22.05,5.99
567,Chiredzi,55,ZW,1571958158,66,-21.05,31.67,77.85,5.79
568,Ornskoldsvik,100,SE,1571958160,100,63.29,18.72,41.0,2.24
569,Bonthe,100,SL,1571958162,89,7.53,-12.5,76.69,7.09
570,Hay River,75,CA,1571958163,65,60.82,-115.79,44.6,13.87
571,Weatherford,90,US,1571958046,100,32.76,-97.8,61.0,8.05
572,Donskoye,100,RU,1571958167,70,45.45,41.98,48.2,6.71
573,Totness,75,US,1571958168,56,33.74,-80.8,73.4,3.36
574,Bilibino,100,RU,1571958170,96,68.06,166.44,-2.98,2.44
575,Vardo,1,US,1571958155,54,39.62,-77.74,62.6,3.36
576,Kathu,35,ZA,1571958130,19,-27.7,23.05,66.99,11.99
577,Ulaangom,96,MN,1571958177,60,49.98,92.07,22.89,1.66
578,Vila Franca do Campo,40,PT,1571958178,94,37.72,-25.43,71.6,17.22
579,Dhidhdhoo,76,MV,1571958180,81,6.88,73.1,81.57,15.57
580,Barabai,88,ID,1571958182,66,-2.59,115.38,82.71,1.63
581,Jaffrey,1,US,1571958183,50,42.81,-72.02,62.6,8.05
582,Montlucon,6,FR,1571958185,89,46.33,2.6,53.01,7.49
583,Botwood,75,CA,1571958187,93,49.14,-55.34,48.2,6.93
584,Sabang,2,PH,1571958189,87,13.8,121.11,80.01,6.24
585,Samarai,31,PG,1571958190,74,-10.62,150.67,81.84,7.4
586,Ondjiva,85,AO,1571958192,16,-17.07,15.73,75.69,8.12
587,Ludvika,99,SE,1571958194,93,60.15,15.18,51.01,6.93
588,Manaus,75,BR,1571958195,83,-3.13,-59.98,80.6,8.05
589,Awjilah,26,LY,1571958197,72,29.14,21.3,66.07,8.14
590,Wilmington,1,US,1571957907,41,39.75,-75.55,63.0,5.79
591,Baraki Barak,0,AF,1571958201,49,33.97,68.95,44.65,0.47
592,Kaeo,0,NZ,1571958202,57,-35.1,173.78,66.99,13.0
593,Stabat,100,ID,1571958204,88,3.76,98.46,77.18,3.62
594,Sapulpa,90,US,1571958206,93,36.0,-96.11,46.0,19.46
595,Sandwick,62,GB,1571958208,100,54.57,-2.89,46.99,6.93
596,Khandyga,91,RU,1571958210,92,62.65,135.58,9.39,0.72
597,Yeniseysk,99,RU,1571958211,91,58.45,92.17,32.5,7.45
598,Puerto del Rosario,100,ES,1571958213,77,28.5,-13.86,66.2,4.7
599,Santa Marta,90,CO,1571957922,88,11.24,-74.21,80.6,8.05
600,Ginir,63,ET,1571958216,78,7.14,40.71,55.36,5.44
601,Mutis,85,CO,1571958218,82,6.23,-77.4,78.91,5.79
602,Arlit,0,NE,1571958219,15,18.74,7.39,83.35,7.85
603,Xichang,100,CN,1571958221,98,27.88,102.25,45.46,4.14
604,Kualakapuas,93,ID,1571958223,65,-3.01,114.39,83.12,3.4
605,Debre Sina,30,ET,1571958225,38,9.85,39.76,66.94,7.76
